IC_1,IC_2,IC_3,IC_4,IC_5
-0.07444793342088006,-0.026657344349344254,0.009148845614591075,0.018401068643416542,-0.05022228479076901
-0.07391388398849659,-0.02798846170218779,0.010795530774718008,0.013410917073032392,-0.05213351647960288
-0.0764705721846767,-0.028696112678295967,0.018269804167129686,0.007973532371172794,-0.05484864198450493
-0.07710274969455723,-0.02629121297932499,0.021006997910585568,0.005112665953763634,-0.055700921284569965
-0.0805626099537989,-0.022216148960497593,0.028661421425570124,0.00020637309800139377,-0.05548254232371897
-0.08198824105750178,-0.01861123271725237,0.03145685741845497,-0.002864477795323134,-0.05592567166283937
-0.08477007355004575,-0.014250392790853876,0.03795629333339391,-0.007736802253901781,-0.0549951397871138
-0.0830049778661947,-0.006400769507040661,0.04816517530136034,-0.013434268586152818,-0.048626070248857255
-0.08426790878801703,-0.002346788388968518,0.05096836587428143,-0.015674679370144728,-0.049456732518249794
-0.0849916604125858,0.001760114027924995,0.053593683296580395,-0.018244061112650593,-0.049707402218545825
-0.08572196418234956,0.006220876246589235,0.055794928417851386,-0.020818628533556396,-0.049304993778913106
-0.08555168144770389,0.010413812553521586,0.05713034663963374,-0.023908777930583866,-0.04858934710014891
-0.08459883961862093,0.013969216176760621,0.058119728579328074,-0.026776927058019272,-0.04807479215178832
-0.08353736356026649,0.017027303539376974,0.057171413261385716,-0.02954673054810363,-0.047294239010159486
-0.08208790107222012,0.020062230159532304,0.05492393432228162,-0.03239094681417007,-0.04637877124010275
-0.08075377472140009,0.02434770993405807,0.051774249350872915,-0.035343776832237966,-0.0455549551978301
-0.07945159444253379,0.027618830697462925,0.04722084273347133,-0.038032061276406876,-0.04413181138261867
-0.07813857407839365,0.03085693942664414,0.04128844868116526,-0.040718419874411466,-0.04229775641454256
-0.07650160850246203,0.033412747440518184,0.03294794871061977,-0.04318043689003818,-0.0397648880202422
-0.07586870439183793,0.036156844925456254,0.023489415000657314,-0.04517918636134788,-0.037042038231573975
-0.07602265783672298,0.03784593387936758,0.009534961897067972,-0.04857936743869329,-0.03405183193091312
-0.07572309549441861,0.03940831503082845,0.0007834229751954504,-0.050463289087504276,-0.031352004249018336
-0.07664160232133946,0.041747492019378406,-0.008606384534056972,-0.05303757557594347,-0.0289544853850648
-0.0766773224482023,0.04313074813499104,-0.018384971261616763,-0.054175826748385184,-0.025943885165347607
-0.0752400144113027,0.03823843735412094,-0.032495607723646756,-0.056794705447257704,-0.02042884301135373
-0.07559870568716136,0.03759789968509917,-0.0400027512965815,-0.05708821408120074,-0.017393939566636794
-0.07576764696034165,0.03467830410017152,-0.04665839295594297,-0.057479048064760625,-0.012972884807285114
-0.07553357924842789,0.029570963436502496,-0.051146634550463255,-0.05854989060937888,-0.008737461419389986
-0.07504388445287981,0.023981853828765477,-0.05420934428297443,-0.05931611905128736,-0.004356305991137463
-0.07421333956441215,0.006673032630626054,-0.052299531563086386,-0.06440631595300765,0.003547037471889263
-0.07275257088962772,0.0036855888253221566,-0.05547536023083156,-0.062485144556234745,0.00696221232927762
-0.07269103289104258,-0.014580998746909393,-0.050519679341153256,-0.06488916484758653,0.015219899062349721
-0.07115696201269753,-0.018962568693343743,-0.050585406826820056,-0.06241970227611903,0.019219256689435475
-0.06950643944455612,-0.026301279394787512,-0.04732680649336538,-0.06069763969507505,0.02450876997532782
-0.06759023152783353,-0.033375429710883676,-0.04307107333121954,-0.05865242314288901,0.029722137096410535
-0.06465429693684263,-0.0376062750164153,-0.03969736801000845,-0.05657234123154815,0.033424206810533263
-0.06081657527526889,-0.043830608812828055,-0.03405136769362725,-0.05400955204025398,0.038324408610681454
-0.05804264900027475,-0.048773836623158144,-0.02598315837675729,-0.05201232665286756,0.042592463532755524
-0.054558886731485096,-0.05328665868584821,-0.01775090475755038,-0.05051400615764785,0.045925809706201706
-0.051521523618902304,-0.05647740993796561,-0.00872353793923664,-0.04795224473936127,0.04897429701331456
-0.0479286894645477,-0.057883080665507854,0.0007783726906578955,-0.04531610236791585,0.05192246431352974
-0.04534615931326495,-0.05919168997672013,0.008734633442002574,-0.04276753819146199,0.053882721303989044
-0.04311523163460925,-0.059513969785920176,0.017025983758664345,-0.040624602791883305,0.05575162493005763
-0.040213804974362624,-0.054360781290573014,0.02489207150730452,-0.037056926932708664,0.057415798456284986
-0.03908450186951083,-0.05366997476504835,0.03077579622821717,-0.03441021927880996,0.05830891856099126
-0.037769839413294294,-0.04186670210523675,0.03682110873357695,-0.029587264028631616,0.058837108330905816
-0.034876897161835174,-0.018424421446087733,0.04258133452705244,-0.01549070653027979,0.05615652750255299
-0.03557488972664123,-0.012225624674018274,0.043824813586602514,-0.013910122009229019,0.05663597507145715
-0.03590873274767599,-0.00651269293723486,0.043971796925017154,-0.010752589380175617,0.05627195196152945
-0.038500838269433936,0.00039909754177499564,0.0446921755055902,-0.0074985071964640505,0.05668154300241793
-0.039220176049611526,0.011739905581936804,0.043272767831599064,-0.0037174959325348964,0.05684870488189367
-0.04167963673835916,0.02579041738821644,0.0438160221492012,0.008183207687827834,0.059296695334404986
-0.0444381367704845,0.034616683475730034,0.04358384205282816,0.011426780437726426,0.05949622918910304
-0.04641720177165113,0.04184001860112959,0.04184634622451679,0.016224440741630906,0.05857560942882051
-0.04835999287126121,0.047744315529843706,0.039347063402221716,0.020806187364631485,0.05739858365764425
-0.05094649579130399,0.05380206908476548,0.03469650427332807,0.025059837964574484,0.05583253128183889
-0.05402309394511958,0.057581955368121794,0.029081557641337942,0.029112131681468072,0.05395417361263957
-0.05712849123610287,0.05988777528807454,0.022091772377724632,0.032930989738953614,0.05180558240051236
-0.0615842481203449,0.060270241454311424,0.013872264578728519,0.03604659285115513,0.04941313412284513
-0.06439709172722742,0.059311047226396185,0.0039759050835000516,0.03844366642076388,0.04667958950918372
-0.06706114499175399,0.05307032775345325,-0.008440996708554527,0.039229469071194366,0.04251076243214305
-0.06914270610073579,0.05103543992608047,-0.01709903942135213,0.042767911334042216,0.04019612835389002
-0.07000396130927534,0.0358195105507088,-0.030336069851932764,0.04036166894834081,0.03506313996103925
-0.07139111468294969,0.03476699084322262,-0.03784583877807483,0.04461203347922943,0.033150612029595586
-0.07204661007599517,0.03164545700966562,-0.044629830196762435,0.04765252532355387,0.030606103011411895
-0.07207082878476921,0.026252514614502637,-0.04971422903815913,0.050284457359910745,0.028111383080557738
-0.0700109827437019,0.007153813958094033,-0.054854378780419974,0.046383471691858795,0.02267909147344599
-0.06869052169069023,0.0017602439723794006,-0.05866080023347486,0.0487969672327361,0.02016431726618036
-0.06718723296539192,-0.006439785152945002,-0.05675425694132921,0.047882456089317196,0.015819769672657694
-0.06273701658717709,-0.01613006587052286,-0.05545530606607335,0.046391728113440736,0.010672267506066068
-0.06023902135598621,-0.022587652088042358,-0.055494726710405395,0.047448036043774344,0.008186142426723076
-0.05555266600882783,-0.033565817954153525,-0.0508651501836329,0.044820269661561156,0.002194850814920078
-0.0526681879045406,-0.038846075022241425,-0.04917519060795542,0.045355891575198135,-0.0010870424443786889
-0.04964331907861667,-0.042927069463557115,-0.04458649259967345,0.04357374525108565,-0.005732196678526364
-0.0461141716599883,-0.05115890660920814,-0.038108084183609676,0.043283227402191246,-0.010772254926551319
-0.04458708013046222,-0.05442710916256838,-0.03308722860452268,0.04239136378386006,-0.013566417242767697
-0.04215082743099264,-0.05890295213668612,-0.023806783336803833,0.04229586656291852,-0.018146266956862122
-0.041020851442885406,-0.06099975798928464,-0.016512680511881424,0.04086889914899632,-0.021372530587406343
-0.04048046965498034,-0.06216677955082633,-0.008674177952735552,0.03916691110561033,-0.02432576608322682
-0.040301072188733425,-0.0618024058965975,-0.0005102605097731675,0.03640159194107961,-0.027555373423535087
-0.0405196251199422,-0.06193878792961368,0.008023440290933045,0.03464921929436255,-0.030076539559361178
-0.04149423139502035,-0.06009359767259647,0.01678170293909788,0.031585521910180867,-0.03290593858203092
-0.041855108344717784,-0.055945985638921364,0.02519002886838462,0.02820261767575843,-0.03634039432355541
-0.04199924450349036,-0.0518124357650535,0.032094997282155154,0.024256354202685976,-0.039062928895769525
-0.03966392226504097,-0.04607742118701897,0.03866049401656341,0.01865944276455399,-0.04264352518423998
-0.040403621772278915,-0.040235474858502256,0.04361340884482308,0.014279241912224494,-0.044364664356295096
-0.0418864072745699,-0.033878085555240314,0.04802822203689211,0.01032935862500576,-0.04590271281697852
-0.039308576731097396,-0.017122047618690298,0.04880436889643447,0.004679142310492856,-0.047047366352174984
-0.040808241522036645,-0.008435624248233202,0.051216090275965034,0.0010448899809193367,-0.047968815996781475
-0.03937611995400654,0.006929878734887104,0.05345763771483334,-0.001274926108044138,-0.047814380359480976
-0.03959343633500108,0.014859514224623655,0.053125112658613846,-0.0044525999230968965,-0.048913257224381244
-0.03912327829858657,0.023660767849404626,0.050463815589359015,-0.0062725447645407325,-0.04940474457252869
-0.0382672022555972,0.030942107117136675,0.04792338300021499,-0.008586845836490525,-0.04944607617284578
-0.03687753570582486,0.03903636688828408,0.04254724136119549,-0.009546222620217596,-0.048804302862836754
-0.0361798930252588,0.045609698609842965,0.039777476859319615,-0.012826226061503264,-0.048438593698670866
-0.03564478798189717,0.05094499687374099,0.033746013022995375,-0.014784744475046048,-0.04681043082477296
-0.03530570800936524,0.05505433815266503,0.028448759037609343,-0.017053670192178592,-0.0453731273850511
-0.03515809993302835,0.05834424700817667,0.02161285839869325,-0.019489401360927507,-0.04341373092041775
-0.035336657289817254,0.060375303134118354,0.013222427099336135,-0.022250154408087627,-0.04086226504336444
-0.03572034778816604,0.061510975811914996,0.002595693246094615,-0.025296736921362716,-0.03753853093532707
-0.03657844694155448,0.06271847259768959,-0.006542467093389522,-0.028270058952413447,-0.0354422764475946
-0.03681252004382073,0.06301990521009895,-0.016444127168521828,-0.030581825651861825,-0.03267931767866689
-0.03822231437878454,0.05514492407836338,-0.030409284589443374,-0.03440938334301712,-0.026921763630830563
-0.03843858686875322,0.05222641097946801,-0.039283905627168623,-0.03556082488302025,-0.02393450486119837
-0.04123549362670864,0.04587619575974147,-0.04766592167211739,-0.03731160006225026,-0.019503222371344133
-0.040392619654274826,0.04404054588022693,-0.055681736870552175,-0.03875002451408381,-0.016481465931169788
-0.04081128812766131,0.04222042131281026,-0.06183468805688782,-0.03937834288876613,-0.013286011349610919
-0.04212557657219127,0.01885849059433423,-0.060644103222157006,-0.047305237553723886,-0.006861426198230504
-0.041888004182714544,0.01633645312565777,-0.06471910200092394,-0.046012815535835146,-0.0033176333046212258
-0.04111971094929857,0.011847096409712522,-0.0665022595161617,-0.044919372905365615,0.00040681751490978616
-0.04074131074448724,-0.005512315309162627,-0.054787874298071235,-0.05177781422017516,0.006087463612096881
-0.03955181288404152,-0.00928928009024445,-0.05547563280051605,-0.04911168760880198,0.010171324638128237
-0.037567604956026214,-0.017184808098435023,-0.05083913486482084,-0.04832320304997764,0.015401363104210693
-0.035472368152563355,-0.021413801179392494,-0.04798006758340828,-0.04651201107191894,0.019453876330983815
-0.03229317277256363,-0.02855956623533718,-0.04241412498898436,-0.04519244717058644,0.024851121139629444
-0.029794326015158842,-0.032449467166966374,-0.037195583074513115,-0.043944044752688115,0.028723519956411564
-0.026875207021643668,-0.03785232991950479,-0.030365977574851877,-0.04234805749111543,0.03312542089777093
-0.023464350348068097,-0.04283036488357969,-0.02224964353072344,-0.04095881807557594,0.037343153179326835
-0.0203477551557343,-0.04693436835292151,-0.012884351243471471,-0.039499217119892,0.041234870897126574
-0.01710156356023674,-0.051575136365548974,-0.0035502393415412525,-0.038061994571709196,0.04413749056099415
-0.014668391685042782,-0.055572829001531675,0.005407770121865285,-0.036061786554117126,0.0466387172177226
-0.01129097033084492,-0.05216443884833217,0.016631779628630602,-0.03278265723634534,0.049566779527235
-0.010623514219840471,-0.05325644904884152,0.02612541137557992,-0.031265885720963525,0.05124453266835332
-0.009778442111335224,-0.05062976186840848,0.03375559583502316,-0.029274786141830163,0.05247369191244482
-0.008621546778349228,-0.040883503035442206,0.04015141036908035,-0.022302155368636802,0.05279975539464789
-0.009469896591540546,-0.03664211338023879,0.04480336882569773,-0.02090348741925878,0.05327204294985244
-0.009886760750102896,-0.022727992069355146,0.04695032722478397,-0.015629864659163557,0.05187366285646875
-0.010385804208911827,-0.008103904212278856,0.047959783144457764,-0.009218748472736935,0.05070165559200674
-0.010865017027635374,-0.0002471999620042073,0.04834389597012875,-0.004421867413253239,0.05046447897297209
-0.012083149934801281,0.008131955428941512,0.047697871793522424,-2.6895035684457792e-05,0.05060889512660579
-0.013850563412835658,0.016888151493144196,0.04746104356376148,0.005564088141615199,0.051343254747988835
-0.01552375573191778,0.024660037222641602,0.047012952292015284,0.010958020428098788,0.051313417913980086
-0.018129056704665008,0.03362011358751291,0.04713198182438627,0.017146984158715434,0.05214036615782972
-0.019721562160477806,0.03996097801538377,0.044349541525547535,0.02170668557177414,0.050730463443592
-0.021803528910284798,0.04628962655680036,0.04078901965151304,0.026032018915464784,0.04946491856374248
-0.024640457515595945,0.05085061129453434,0.03553959921479026,0.03061539181189916,0.04825352517132376
-0.027747462824708087,0.05355959463958041,0.029231507024692408,0.03437269920365365,0.046553035076229814
-0.0310619096199687,0.05611140562658149,0.022236028080691767,0.03803394271159931,0.04482629054651381
-0.036243758745422586,0.05092891454542116,0.012037398595484491,0.03815124850895422,0.042595972510947794
-0.038664461409218934,0.05118828277758846,0.0025461995308574677,0.0416780906035596,0.040062066987851225
-0.041181213182984906,0.03905256239945177,-0.011364468516613775,0.038310619225279556,0.03579171248061301
-0.04384504092963612,0.03965392423762818,-0.019950116927570007,0.042276634639136675,0.03380878012656584
-0.046107748738302756,0.03804719648323592,-0.028708859870632295,0.0451114012890891,0.0314035065793802
-0.04939702943277314,0.027011257552435133,-0.04041182284530587,0.041211791110739554,0.02620527340909839
-0.04701340940219263,0.01616852214394574,-0.05030137039590851,0.04246807138103806,0.022895019307053635
-0.04770686070490626,0.012826473129405465,-0.054551800935144765,0.04476508546375775,0.02124265179759022
-0.04846124618902883,0.004876992868447399,-0.05654874766523538,0.0431330286263294,0.016320882793451653
-0.045381895802174804,-0.006843532470907868,-0.059256680777228614,0.0413219456015216,0.011667151316686402
-0.044033279354880994,-0.011455518362090744,-0.06073541034579053,0.041944375292061194,0.009313065170168932
-0.041208412955804206,-0.019879798684929943,-0.057249969728571694,0.03952642074922192,0.0035338974092751036
-0.03888672481944717,-0.025474368157715192,-0.056970597457518916,0.039290185352703615,0.00016365726351554177
-0.03665071853338854,-0.031052077715979405,-0.05455962003714332,0.03855448016279406,-0.003878768643894264
-0.03378504908787993,-0.03936449221613507,-0.050722624916839966,0.038080420068618406,-0.008958820752909182
-0.031719745621032976,-0.04363541974943838,-0.04713661068986519,0.037867653906731684,-0.012835186813301811
-0.030845160979443526,-0.047753567057923565,-0.04064875544253104,0.03768198171794627,-0.017042171741783574
-0.029877042986738045,-0.05013437648882486,-0.034525046773550803,0.036564579818994296,-0.01999836489371039
-0.02953742375937386,-0.05246393482460677,-0.026493017585265843,0.03523174689728758,-0.02361725194192349
-0.030773485978743655,-0.05416134403480267,-0.015490725607001961,0.03670357308307556,-0.026848038406197726
-0.030806843372373934,-0.0555152069246314,-0.005903280500790597,0.03444329517040807,-0.029822604873945616
-0.03150034701650277,-0.05547004764374571,0.0035186379428661075,0.031945542728023364,-0.032532044398832186
-0.032202888618679384,-0.05535435428913965,0.013695342737639135,0.02860713342393579,-0.03507946178991632
-0.034721340096816045,-0.05413632380946673,0.02328882952371841,0.025441150999283357,-0.0376433483966502
-0.03758445224190032,-0.05251786066453799,0.03253297079716872,0.02246250613673886,-0.039745836868010635
-0.03887995081086835,-0.049274745654286176,0.03986962015902552,0.018836853584641326,-0.041421884490843885
-0.040860339134755785,-0.04517076009747858,0.04642878732857208,0.014945265985723315,-0.04286421647658607
-0.041780707176068674,-0.035469914444063104,0.05282044604367377,0.009687500736390357,-0.042796571262296246
-0.041910839702487934,-0.032280534454599295,0.05732264920362958,0.006420430420468089,-0.04371966995408284
-0.0436301335224965,-0.021570326413626013,0.05946120580823394,0.0033410472243797,-0.044154879997600566
-0.04197860204822464,-0.009628029457795093,0.06242016105995085,-0.00046335076101458215,-0.043849901308691555
-0.04202554610976308,-0.004139556489063959,0.062938962097924,-0.003261126767271573,-0.044790659221137855
-0.040980214948553306,0.002097439644540484,0.06194092325741016,-0.0057760819410598045,-0.045383185830582
-0.03789399662184402,0.00861117218439264,0.059095807723855885,-0.008143351259493005,-0.04567535936854878
-0.03513876110446771,0.014089651731689813,0.05735154115759964,-0.012363288782338553,-0.04572633917936534
-0.033313392813611474,0.01939213341498635,0.054992977546270284,-0.01504363966364101,-0.045382218433491474
-0.031129251726410585,0.02508386608299855,0.04954293959101522,-0.018146530646939177,-0.0441031613041718
-0.02923052548240637,0.030014873386483853,0.04381513597986008,-0.02061658424468192,-0.04268751231393471
-0.02800917667928242,0.03482477362389741,0.037181155539051935,-0.02397345495952293,-0.04119946557682062
-0.026958385268211916,0.039224202309726855,0.029116774091403494,-0.026370819309795557,-0.0388013637191264
-0.028656452863902268,0.04443067603024593,0.021528151372700043,-0.029327824315788373,-0.03745234755916423
-0.02587328525886008,0.048006508115683445,0.00716961267024744,-0.03141679398663205,-0.033587975451974554
-0.02592117435598206,0.0527610661843251,-0.0019058824909698499,-0.03433875288604133,-0.03131524225576852
-0.025755624930608217,0.054257028253568026,-0.01260250797376201,-0.03581027361269699,-0.027786947994716506
-0.026099974681269043,0.05647017305018623,-0.023391052474754526,-0.03790271526265554,-0.024629579684219256
-0.027004789207779115,0.05501649919633742,-0.034619872770433005,-0.040826103804654464,-0.021072514892950665
-0.026893359107357344,0.0556706387533171,-0.04298164964273316,-0.04239585644849592,-0.018368061153364725
-0.02812415477200404,0.04084610946132557,-0.04802234726702656,-0.050986465594510144,-0.013413840014510596
-0.02878410752133917,0.0399992912366497,-0.05382788274432701,-0.05071450492573774,-0.010351348647516669
-0.030872175259404607,0.021262248463044215,-0.04945521592407647,-0.058526259215323784,-0.0043809800607465975
-0.03204238027183414,0.016258912584269467,-0.05202194567998022,-0.057594028420202746,8.975744540236235e-05
-0.03241892816955515,-0.002976700879032606,-0.04729291590430259,-0.06195153802205035,0.007527465830778341
-0.03253610064813583,-0.009593563194233963,-0.049307665326497614,-0.060075435164557794,0.012292431513840229
-0.030785536395195896,-0.019741744560720025,-0.04843816658553067,-0.060996009148668345,0.018311202946395173
-0.03001923553019883,-0.024152182982773746,-0.048483091039356684,-0.0588222735209994,0.0228265803030592
-0.025933101899603073,-0.030071277399534274,-0.048365823501294695,-0.056731721317301906,0.027874313863425492
-0.022319092019381256,-0.035416841942799177,-0.04547515747313083,-0.05552771987582289,0.03319316192807994
-0.02132324664170586,-0.0405439198296815,-0.039904102108086786,-0.05395595118701175,0.037086351687337274
-0.019001349671909272,-0.04488882603415823,-0.033167421645123825,-0.05286413235258193,0.04144354551885945
-0.016291046110895442,-0.04976772895828469,-0.02437913293788286,-0.05049164528815621,0.04589061213500284
-0.014327215644308403,-0.052235538615338084,-0.01518333666510215,-0.04947911612066905,0.048432234618943366
-0.011430239488713766,-0.05356001023731,-0.004974690844235979,-0.04761015074080627,0.05131937368736438
-0.008488931143907587,-0.05783496990749738,0.0043807711355549825,-0.046007818436049036,0.05343859020537127
-0.005571486378789629,-0.05085435614983977,0.01576671626825853,-0.04313904195052313,0.05518599982584852
-0.0031066432948872896,-0.04855111001090301,0.025137032544508928,-0.04081627605777827,0.05632760626329757
-0.00265024052183956,-0.037122128383423755,0.03665921667416053,-0.03490557034194234,0.05675477107878125
0.0008755278486324348,-0.02484432078695048,0.046323924134088916,-0.023953075067823286,0.05714367154798211
0.002166739656162883,-0.021748152512730785,0.050811330102222864,-0.021977185300614755,0.05712939235137809
0.002042522045082165,-0.014151458711604762,0.05521365649154214,-0.0205924777783871,0.05677033122020457
0.003584967131963612,-0.0014141323511622185,0.057457354877393355,-0.017234145397722715,0.05621689851532487
0.0032190159113498064,0.013500472188681334,0.05946757182794154,-0.009526663930198704,0.05598350796810472
0.0027164109149471036,0.029960758433252323,0.06201229585560358,0.0016166003392867109,0.05656179337424798
0.0006923709238038747,0.03690066135026831,0.06255588428250686,0.0051351734337671835,0.056998554877138306
-4.039135979084041e-05,0.04317113314897181,0.06223695446591032,0.009535648847455589,0.05663607964238559
-0.0025349517827101924,0.051647567649735104,0.06234487220902145,0.013914414371701178,0.05744595466722115
-0.00483930421062304,0.0576143979777336,0.06139867304819492,0.01935535534622362,0.05723427613393215
-0.00683390806879999,0.06292143462412554,0.05855960416851198,0.024059524976273845,0.055871426349923925
-0.009613743746473261,0.06729955057720036,0.05441751671892324,0.028554743816740877,0.0541626872912325
-0.012842588277120929,0.06847296182168736,0.048424846811494,0.03161530324789337,0.0518821670103589
-0.01617081688898741,0.06935852221903104,0.041382383492457514,0.03576585167408315,0.049461621590721
-0.01877119573487041,0.0683925702320419,0.03055508969990294,0.036202280822003115,0.04528177768463371
-0.021571349543369308,0.06689395659563771,0.020579883872979057,0.03820714989680544,0.04159657548520626
-0.02282779330296189,0.05399791303286935,0.007568754972998689,0.0351374559353932,0.03637120459695689
-0.02506697307156566,0.05439418451788288,-0.0006242710727179156,0.039779335885011716,0.033901384702548165
-0.02634024438108487,0.0414235423506507,-0.012664568095844092,0.03748511940614198,0.028718002376580398
-0.027820215551820633,0.040655256569513236,-0.02025826255854629,0.04197907761929627,0.026581567678745126
-0.028720456822859605,0.03744932572167661,-0.02717997673835144,0.04545613248153746,0.023584792053042408
-0.029489222767982,0.02862801435112892,-0.032480196831273046,0.04532738849123696,0.018398621218874218
-0.027568163466894727,0.019311717392823436,-0.038844734469714176,0.048650992881970154,0.014477849615211102
-0.026063961895701853,0.014347086568892666,-0.04144880197209283,0.05125211183308767,0.012256230254754094
-0.023716000344119734,0.005096908171447484,-0.04119886166745331,0.05192540949883355,0.006775125935181574
-0.021351521133633665,-0.0005901613322195542,-0.041897380196481405,0.05316957092445804,0.002829017375427049
-0.018337608782780606,-0.00765347028259686,-0.040756857609060324,0.0534052310139381,-0.0017152293870702452
-0.015561421638102488,-0.014790491934800858,-0.03994845904403682,0.053552681769721194,-0.006104422303163482
-0.01331617860606934,-0.02157622571073502,-0.03865244574127465,0.05347028407651171,-0.010409623665313507
-0.012348615438205205,-0.02804233556919684,-0.03736736544234117,0.054010617441774,-0.013587074419373244
-0.009596284255718724,-0.04129901541335092,-0.033790152168622134,0.05141456647023213,-0.019450399318486047
-0.008431923994262472,-0.04731033577478657,-0.028876102443168235,0.049985489184074396,-0.023117672457244044
-0.00948392126921416,-0.05478592872818953,-0.021168505384576968,0.04920294566053483,-0.026747316604064656
-0.009003360366622958,-0.05732175539477459,-0.014572167787835648,0.047002236044985775,-0.029998515027197557
-0.009923174637989961,-0.05925887859284726,-0.007146671680707298,0.044543265939148785,-0.032669280936386394
-0.011386988560403122,-0.060476431442354664,0.0008205053551187545,0.04262699935031296,-0.03510635871190565
-0.013859685443319414,-0.06118465170734584,0.008823903414607091,0.03903793155055785,-0.038267831170102476
-0.015364968147046286,-0.06062954213902635,0.017646986754968386,0.0362182657511473,-0.040428358633528484
-0.017337479891900806,-0.058728404532474424,0.025964857493000044,0.03184310809542398,-0.04281432032164403
-0.019267603619589697,-0.0565434580526532,0.0329230162634035,0.028308526391166374,-0.04465671519250596
-0.021375784670950783,-0.053174242804125506,0.03963810382332574,0.02379083957450246,-0.04650941729971368
-0.023474787425803945,-0.04650499024721044,0.04465938058108454,0.018145489212559925,-0.04827539985367185
-0.023489877756372356,-0.0440904194387061,0.05029068001745016,0.01467759797028492,-0.0490677330523138
-0.026385219553827135,-0.03344755141313396,0.05099181454667354,0.009170643604621824,-0.050165795370553275
-0.027263251507235745,-0.026830144380733965,0.054899419875929716,0.005504421276168065,-0.05061328578960619
-0.0260535672577129,-0.008452123217708893,0.05993551125809544,-0.002048929541316673,-0.050928962221451914
-0.024973022239596875,-0.0016389353385761114,0.05875100428364851,-0.004206065385755188,-0.05131248992142184
-0.02408336051033574,0.004763133983357897,0.05780671591533808,-0.0068606874181167884,-0.0514922067391109
-0.022761704892779157,0.011626556027946197,0.055312269286517224,-0.009350451339738773,-0.051381129977685354
-0.02042552788447004,0.017850647941075843,0.05274797121384618,-0.011926095508023418,-0.05083131709766985
-0.01835496234958167,0.024167610986242583,0.049439670999102875,-0.01421708077693439,-0.050068698328923
-0.01575443921763237,0.029003126051585428,0.044767121342804014,-0.017070467239764287,-0.04881198806204019
-0.012361004845486601,0.033404032524174586,0.03611854541892923,-0.020273636668566287,-0.046504120188627755
-0.010131788510950356,0.038239233512390954,0.031301924222976354,-0.023482658910845756,-0.04516209636813258
-0.008324814151112256,0.041385863765927254,0.024501589566347598,-0.026313583522792616,-0.043084194207857585
-0.007692468176293387,0.04623697555829568,0.01625740964203329,-0.029610463766121822,-0.04102223538408252
-0.00631118629057216,0.04706969088144888,0.006661299375606272,-0.031475268596693834,-0.03694191854954599
-0.004944932848256564,0.0496586509247847,-0.0019013478974053302,-0.0336522693695548,-0.03439133163601864
-0.004613600730769937,0.0502742927488401,-0.012443376116169516,-0.03652046166656041,-0.0303733738490074
-0.004362069023921809,0.05068306653718584,-0.020943059015227822,-0.03798951316280946,-0.02737244788260776
-0.0048349911750804435,0.04979301708728459,-0.029367878198689377,-0.03950066603469883,-0.023768601496885436
-0.005232804650240525,0.036392295432949154,-0.036873025723381914,-0.045961611822809,-0.017501021962524163
-0.006058637032266009,0.03536380302803875,-0.0431339511231239,-0.04578685217300586,-0.014132906119808757
-0.006685347426020343,0.03185343086583416,-0.04727818103842436,-0.04672579139019618,-0.01020918890709908
-0.00698563223993438,0.011380162887805348,-0.044135108382016196,-0.05545368556674925,-0.0036039467737094873
-0.007201335113358863,0.0073868099310744045,-0.04820163141678023,-0.05369061740196237,0.0007067421769356166
-0.008572070608279216,-0.005100564799721036,-0.04473653850943362,-0.05602888267337442,0.006530487799838843
-0.00808566533075007,-0.012748689773070336,-0.04593578459388354,-0.05546231936200198,0.011259312234402956
-0.005214393150892194,-0.025535203549073373,-0.04438921923622325,-0.05793326838744126,0.017001598998339976
-0.0036906253886957625,-0.029825808793742963,-0.044697495871302104,-0.056025104456103175,0.021079662150441585
-0.0021194731362239273,-0.035752379876932215,-0.04229241410842668,-0.05469600407415483,0.026075340972018336
-0.0002731204169683927,-0.043321886985261765,-0.03857933341739046,-0.05286263128927199,0.0315149918791992
0.0020520046129647385,-0.047718164185722355,-0.03451299297606376,-0.05138817890715555,0.03568268868785123
0.0038534588900718866,-0.05254150268478038,-0.028417040211812763,-0.04939407501496536,0.04017207194524345
0.006495680291100753,-0.05582908279551419,-0.021871075500327544,-0.04829460013753115,0.04309761412573049
0.007825013031154349,-0.05900894290811258,-0.012790190496483026,-0.04548920004209253,0.04805259009645948
0.008263757714518394,-0.059777538583010076,-0.002845606571260443,-0.04253559632123164,0.05135792534514574
0.009170887016048382,-0.05925251950793769,0.006629974670652742,-0.03936393026426862,0.05406179307464318
0.011278820499212557,-0.05944700159945943,0.013721589034716283,-0.03701159245065173,0.05578575878625638
0.0122410915946554,-0.059991114819601406,0.02178501236346739,-0.0345960510364083,0.057554988231025395
0.012970698055814215,-0.057406835532337816,0.028493751193934578,-0.03231674759150652,0.058688506372918774
0.01294906107817449,-0.052806170782826546,0.03461451081044936,-0.02987979870287527,0.059514070856040366
0.008526490203115807,-0.01614325929158794,0.04328839907886698,-0.008017760953710665,0.05888410084244512
0.00866389643441796,-0.012168992190459978,0.04515463929854363,-0.00606087298364511,0.059241827185508245
0.007143287684016701,-0.004753924226580767,0.04549973497613901,-0.0020840136391314015,0.060063697690250224
0.006301993317215072,0.004261361351372393,0.0456273117909134,0.0027850147978636434,0.05993331641023997
0.004376730830195744,0.013241450669328749,0.04591479472993078,0.008949949182388492,0.06067681050280604
0.0028582363463332803,0.019765478645591916,0.04525633697815974,0.013071181621188843,0.0600742155430386
0.001166566069083427,0.029845921149314246,0.04408966897359633,0.019938569135182785,0.06071816874308652
-0.0004317250021104482,0.03658479766781108,0.04210911249462659,0.024240860720330118,0.05975904813250739
-0.0016756016493271375,0.04357137113327713,0.03949191219492883,0.02960241480954506,0.0585763749800721
-0.0036713276486128295,0.05074888602236682,0.03620130399673113,0.03432475787156439,0.05704946677442283
-0.005785386511605228,0.05505028494914877,0.03185258335079348,0.041000835257519394,0.05569823131404652
-0.007791825303469913,0.05897201484765424,0.0260548296108171,0.0451107962094097,0.053394979570443674
-0.009883833977585106,0.061666265302440355,0.020238005415970015,0.04934412137804734,0.05132686009450295
-0.013556006156166887,0.0601467457712285,0.010625827016441144,0.05039484861757537,0.0482167286143417
-0.015035199511365633,0.05848664872485585,0.002962748565488037,0.053724690193670606,0.04583988229054307
-0.016229637283913283,0.04886691840629037,-0.010725389221524842,0.04959847875520686,0.040696901138042765
-0.017427188510955472,0.049178811285157484,-0.019360885144217996,0.053380415911144244,0.038154194673252796
-0.017213715234317382,0.03555729992665687,-0.03174644944843158,0.04939930509425105,0.03336701202380094
-0.018216460099582485,0.03486647593694198,-0.03955971820056612,0.0533200480768123,0.031130372233798997
-0.01905879250688712,0.031144631090727737,-0.04643174519999201,0.05615087966846526,0.02843439843385605
-0.018215424307922334,0.014986775556386042,-0.05350191506254722,0.05339576928455948,0.023707842176545407
-0.01807007781493585,0.011448711351283334,-0.05859116415887443,0.056369549418084974,0.021113879789811607
-0.016249868894102546,-8.16860179644306e-05,-0.05977223671169171,0.056241034146432736,0.016049957972043078
-0.014538124483587943,-0.006317069332620846,-0.06206624388885381,0.05775425046228001,0.012535502284010527
-0.011722900350334301,-0.015721400873724423,-0.058181977345542875,0.057462093062417195,0.006517877571686305
-0.009504632162815883,-0.02172386784903652,-0.05755043461337537,0.059136818855343824,0.0031341321299487974
-0.006126309112665968,-0.02622336368989934,-0.054202569474261754,0.058713858954787194,-0.0020903028393884932
-0.002597654141795182,-0.033420147764432605,-0.04991864044839134,0.059853001378744504,-0.007981244997852821
-0.0004501609715672595,-0.03801763639428543,-0.04713333205887027,0.05959013890727124,-0.011034859850943653
0.0018881134219603296,-0.040814803552567745,-0.04267341140515162,0.05854646022378936,-0.015895904221387577
0.002916309647069605,-0.04499173446823856,-0.03721499290614039,0.057480942509798454,-0.019533195555850483
0.0038076896645370976,-0.04766015209967056,-0.03169781285687218,0.05481833847234728,-0.024303178487939264
0.003269850283969826,-0.05111726835920076,-0.024640174428435434,0.053279425081893005,-0.027362219299093153
0.003563204634241315,-0.05262287487332292,-0.01671413206203998,0.04975921214564199,-0.03199813578076661
0.0032500303649047784,-0.05360837793085347,-0.008212508872168137,0.04736506530160397,-0.03481495638259736
0.0024055600326102385,-0.052997983938102795,0.0004926218734814939,0.04347459932522077,-0.03825591537832849
0.0014014896153398757,-0.05322989103374269,0.009404940213950838,0.041267098514071815,-0.04095955449903684
-0.0007232884058990659,-0.05127228013842205,0.017739310425521338,0.03628351179716521,-0.04400038781400166
-0.0022309686090843644,-0.048766572232670405,0.026013205387108277,0.03198374844093852,-0.046436885718539135
-0.0024610684492166373,-0.04759049368656774,0.03370010526261588,0.02631504404856019,-0.04871601612726342
-0.0033641982622212635,-0.04096164202376682,0.038646452722042916,0.022624175661169754,-0.05078051176121089
-0.003245925041121572,-0.03866737676469164,0.04416517961466449,0.019652224921698342,-0.051827466733401814
-0.0024532389022449393,-0.027400054158156266,0.04794958828697106,0.010304560804402773,-0.05287157124689086
-0.0032515672778811234,-0.020748441050755576,0.049303217192287446,0.007683476717819117,-0.05439456690072256
-0.0033095964225884887,-0.013030182838837908,0.050266350749722355,0.0045718530972341164,-0.0555443175606014
-0.00278437831940164,-0.005911687287760846,0.0518949983700286,0.001050133484519209,-0.056408511274429855
-0.0007657913081677483,0.003189300197420121,0.05204010582803824,-0.0031163825859186227,-0.05612578085084055
0.0010413780782563224,0.009762578918985037,0.051472686272675774,-0.0057078219009849135,-0.05624931461971857
0.002858929371198566,0.016904116051760797,0.0493500659970843,-0.008917268333127878,-0.056227004572379655
0.0060502683553491496,0.022286070126558363,0.04577040442426455,-0.012061906094781964,-0.05521598226465403
0.006850426201468481,0.026619130551081723,0.04303911900555907,-0.01537825095202309,-0.05485007221319754
0.0109526128092498,0.02942259284064533,0.03687467319923133,-0.019705866658803094,-0.052454216116365186
0.012909306710124283,0.03363315295719213,0.03159645056500958,-0.023972524485130008,-0.05100924896414397
0.014794741665093774,0.03501635940782674,0.02471363906823198,-0.02814609616609661,-0.04848319891659202
0.01620779147038767,0.035211667047494656,0.016146666737601605,-0.03197581020531953,-0.04546811612032725
0.017183177911860827,0.037130074645070746,0.00810854260237598,-0.03602041443803695,-0.04326704364795753
0.020073542240371327,0.03196648462512371,-0.0021548233540882376,-0.04221213812156268,-0.0403056301694191
0.019865864464101067,0.03301777823231053,-0.010552157605027673,-0.04505488631940599,-0.03727363538510816
0.019346642570389823,0.03509380305844566,-0.019469378462441206,-0.04805436306057382,-0.03446636444453532
0.01901497773440441,0.03352342302261291,-0.028159859839749248,-0.04864395410033573,-0.030234025893119857
0.01872270842479008,0.03183033944936104,-0.03550532692282247,-0.04997770236255335,-0.026568991367690323
0.018759896483362487,0.028249839492733186,-0.04170010090535635,-0.052063833274497144,-0.022413954112704287
0.0194208344988397,0.011907611179079281,-0.041264193911758326,-0.05959817203507859,-0.017258968948386685
0.01850898921150694,0.00903909422615419,-0.04477954273385406,-0.05933162494158922,-0.013309980069508235
0.016826478738569475,-0.006190223270889811,-0.039356725315898865,-0.06433422839713798,-0.006809786432773745
0.016809930192933725,-0.009358368501708524,-0.041089033754910104,-0.06303438562459676,-0.0021808982566320213
0.016759611837522188,-0.016560339005266825,-0.040197884723303066,-0.06223889436800573,0.0026342336521581475
0.015591359181622882,-0.03355982220299438,-0.03282497708102571,-0.06687520880549565,0.011481048924608021
0.017476647694795802,-0.0391696519107904,-0.03168792558544525,-0.06474682238371719,0.017084928505917044
0.01823653711627624,-0.04170808547448342,-0.028333242236948955,-0.06418408173728211,0.020380868229395624
0.019974031010683832,-0.05089309608212793,-0.02375158436044451,-0.062433225186927274,0.02737033324550456
0.022175050513365102,-0.055836265509140025,-0.017888422998554095,-0.060956231288825234,0.03098083490007601
0.024068038389023296,-0.060227905181837994,-0.011173697476570682,-0.05972369661929521,0.03509617162769836
0.026856877715592545,-0.06371468247369273,-0.0037925491698395193,-0.057601649616452415,0.03932889743702942
0.029282659628663082,-0.06592798787689806,0.004373580436181538,-0.05545707934162053,0.04302950960745266
0.032365033774640325,-0.06776890029536686,0.011801075354679202,-0.053499002185793475,0.04550576461355575
0.03342837214337978,-0.06736431026197875,0.021193768163998726,-0.0503874619289434,0.048684766468892735
0.03506628647734045,-0.06647155785965307,0.029403417192031107,-0.04738220795856923,0.050881944758754065
0.03504755834045606,-0.060908677342762556,0.03731172336613546,-0.04335407356971155,0.05293360642434849
0.03474399043087249,-0.048892254328783184,0.04496496315284345,-0.03194082106506028,0.05434305727953981
0.03444866989384329,-0.045261494071683325,0.049504038910731574,-0.03062796781277918,0.05511455048306576
0.03440990865495244,-0.03917863532340329,0.05262603593184046,-0.028971166120368572,0.0556407346990462
0.03302473582387217,-0.028646015821877334,0.0538756973692425,-0.02431882268869948,0.05580620639722699
0.03308408010186427,-0.0069251371312239315,0.05412890352461313,-0.011224425116034482,0.05356464604562234
0.030415198107629278,0.001682527179308737,0.05562907844957319,-0.007351049927187412,0.05415843840911593
0.025420567381317666,0.019213519837498277,0.053779623584431425,0.004578317226252897,0.05421696412755513
0.02382308109529185,0.026220519285856225,0.05336473737400025,0.008338854008011503,0.054385544377494294
0.022199748960581397,0.03238647626647743,0.05251125800018422,0.012671679806695304,0.05408976052139661
0.018468797247684538,0.042051674302006604,0.049345412879003334,0.021262177593131298,0.05518080756297394
0.01822963111792095,0.049454584778374715,0.04656542005957578,0.025642067987304347,0.053440994377692064
0.016968647513101284,0.05503304771600258,0.042555741479324984,0.030828149015840016,0.0517773793990518
0.015326957488100501,0.059315102232686955,0.03701505366309379,0.03528380584283476,0.049953509213067016
0.013081904259158448,0.062027550702305846,0.03056150357415975,0.03946049411097599,0.04780517368617532
0.010697106631171167,0.06369084329383877,0.022629367447880758,0.04263325132200305,0.0454346229897859
0.0076736367022677485,0.06080778841251558,0.012310337915610066,0.0440231041163903,0.042295467701617816
0.005408685516190853,0.06065366613819654,0.002907188054736117,0.0470170373627816,0.03977926388866514
0.0035167091470197863,0.05487083680931412,-0.008716647152128651,0.047326703568526605,0.03605394265244752
0.0020317059624774844,0.053868578198647335,-0.016916433616552647,0.0509017968787015,0.033709541309509906
0.0007403741274887453,0.03846768851645476,-0.029575460675994168,0.04783905586413806,0.029120094916695004
-0.0006628613241613652,0.03724752022707482,-0.037894600027015946,0.05181519641728737,0.027131086531375154
-0.0016110262505712096,0.03377396195591819,-0.04492713255517731,0.054704480759728974,0.02480091778167967
-0.0015975155124811364,0.017912676463570178,-0.050919028449681575,0.053375465178421365,0.021106562343201973
-0.0013450483350919361,0.013384279858889842,-0.05628289119646354,0.05625669003499025,0.018810277585575016
-0.00036135744136258556,0.007687583444123601,-0.0588988974853474,0.058613243362292136,0.016226708880866646
0.0007834191665544115,-0.002491994409428548,-0.056990285058406004,0.058626270997111554,0.010879576343151925
0.0029762736022298994,-0.008046297601316381,-0.058040678662490644,0.06012871183466329,0.008453598730610763
0.005442417292958614,-0.014763740779207288,-0.0555944127152331,0.060682684709079344,0.003745003292974166
0.008178414017194371,-0.022473902468209832,-0.0529876199741006,0.06231100746213891,-0.001281677175895662
0.01070248104208772,-0.02710650069226431,-0.050831636814741454,0.06252662791396693,-0.004790785715612733
0.012865801777855915,-0.03150322706611725,-0.047053390242103116,0.06276173585622702,-0.009100417498256652
0.014292695378461008,-0.036542843988542476,-0.04270875958170032,0.06272926233961669,-0.012382438595195071
0.015696484403040886,-0.03961148216004271,-0.03697771633056984,0.0633072390082833,-0.018238678597664138
0.01691060813859917,-0.04247996063656602,-0.030939382122951536,0.06172588716570421,-0.02119817610171307
0.01761417885048075,-0.04467721715407981,-0.024713217878117585,0.05937002065968476,-0.02513012334013548
0.017463191353866994,-0.050054252578989454,-0.016746144661290187,0.05900604121506837,-0.029359839558883535
0.018075628905948226,-0.049975486880448367,-0.008920806216947087,0.05562599532510536,-0.03255655798852682
0.01936766400897471,-0.05124454704266097,-0.0007662330544384012,0.05212302411479802,-0.03637237042459747
0.01905976329621355,-0.05170985059803579,0.007681484254590841,0.049211185311833654,-0.03903154818102784
0.023100469151671726,-0.050615633822799044,0.014158252129918667,0.041386340001123754,-0.04321488503732622
0.022062337438825522,-0.049087143930049114,0.022146710569821593,0.038052140412885786,-0.0457289240840081
0.02149078453341718,-0.0464798434135083,0.027973592428176125,0.033393835820670646,-0.048288473211704194
0.020867893997754065,-0.04212154462706072,0.03367827822700163,0.029086961105644793,-0.05055889547469795
0.02261093666064706,-0.03512885210369948,0.037169596645575516,0.02001940608198081,-0.05309440304980623
0.021407375677413288,-0.028974099651459362,0.03979145313604877,0.016848133634136342,-0.0550230816264327
0.0205996016455384,-0.022100525095833073,0.04149542753441895,0.013549699139044582,-0.0566415676707045
0.020162618029253346,-0.014124081460239114,0.04234023852504516,0.010273795511799487,-0.05776470390581131
0.021477875418783824,-0.004196587554019787,0.043910881972306096,0.005996527830548454,-0.05797965700548931
0.02204412142898105,0.0030856552719788445,0.04393812787178535,0.0036071698741031366,-0.05824440044309578
0.022324884741663633,0.012714267885849997,0.04078965122606054,0.0005754479544532462,-0.05833066727491801
0.023869282296264636,0.02052511783081624,0.037583693226405784,-0.0025913240826474595,-0.05768369140512107
0.025133960790010318,0.02672741642393196,0.035431348958410915,-0.006119077798030682,-0.057004611831631
0.02625483940833592,0.033012519390232385,0.02904212850439568,-0.009510142847621026,-0.0550149308285592
0.02694186259699997,0.03870064925614799,0.02488338407460073,-0.01355163187323756,-0.05384771805250281
0.02813302650935924,0.04146179178717194,0.01657286917923223,-0.017582382377571006,-0.050723469137571045
0.028808544049025313,0.044460660353393966,0.008540781551097927,-0.021665560545341772,-0.04786792027380422
0.029062586160159526,0.047032532795738026,-9.331968730681618e-05,-0.025301410886147586,-0.044717629731514774
0.029080277121836515,0.048864006991776746,-0.009277162066790587,-0.028742765289145076,-0.04146484824304821
0.028946417430107292,0.049908775488972365,-0.01865164534623698,-0.03203008950320455,-0.03810004278135045
0.028082660601436008,0.0489308627856965,-0.028656545596928686,-0.03464748879758427,-0.03442177902902913
0.028151678919061954,0.04881743196862351,-0.03730911040262322,-0.03723619170816291,-0.031336397013712575
0.027530024825567666,0.047650479112430914,-0.04572623771070822,-0.039093711573691535,-0.02776879763098648
0.027039181927219373,0.04764791799767352,-0.05388269711482613,-0.04075113009233576,-0.024638416830685916
0.026343682231222867,0.042700062146829726,-0.058862448505115274,-0.041791042308003186,-0.020329719004061702
0.026715252394586938,0.020489288101549735,-0.055102793252178345,-0.051530968707591406,-0.015436942186454425
0.026382163105642266,0.017164574702031796,-0.059413662771961924,-0.0506216814658293,-0.011291995419529733
0.02651158395921992,0.011749733642919933,-0.060630394753654525,-0.050567509294490144,-0.007182072669647644
0.02564293775399408,-0.009747981306488865,-0.0484944810965509,-0.059902201905677056,-0.00015062520083298757
0.02566216914768565,-0.015157222499272625,-0.05017173113143626,-0.05819379864167593,0.004685843272475532
0.025741482666720463,-0.029287582195722663,-0.04441700314454064,-0.060648071144662,0.011363747825590284
0.026844154372607766,-0.03265156927358838,-0.04315198639207738,-0.05937464558792158,0.015100379654308589
0.027829662088102645,-0.04098900841146042,-0.037863642288771225,-0.059016615256237935,0.021754593811379255
0.02925427689703071,-0.04500079017553729,-0.033694821422394876,-0.057953754632108126,0.025447007315479712
0.03137953912705181,-0.04982612400008404,-0.027898846936751737,-0.05653506726525536,0.030040168259923238
0.03267242448634549,-0.05394358640996364,-0.020574938283416336,-0.05565007714952358,0.03398624178810351
0.03544162656268579,-0.057008997360696805,-0.012396016150316278,-0.05391496999746077,0.038259258559812125
0.03772944395631634,-0.06041962068543512,-0.0035249729935015513,-0.052241506005795565,0.04159935284983309
0.039394212332607606,-0.05999520362732345,0.006739837472274679,-0.04767208957735748,0.046296528563465125
0.04138121385559913,-0.061186879713416936,0.015938208278027232,-0.04636126691307764,0.048710590816160075
0.04342113495969756,-0.06127158769071446,0.024644504338138352,-0.044330294898538146,0.05098125379490133
0.04511178837983355,-0.05849396613724044,0.03252392489659709,-0.041930068175000224,0.052905145716998274
0.046691899797236355,-0.05753179475839898,0.03906210295969395,-0.0396838391023789,0.053941723800541866
0.04725023554496861,-0.04930188159789469,0.044830861961946564,-0.036130522264972396,0.05497644762794865
0.048018487944471513,-0.039956368248181814,0.048473862015476786,-0.03234573750675684,0.055180736183071226
0.04731101346343512,-0.020259379056728692,0.05022950329137226,-0.01837505505220309,0.05368642837105834
0.04544121092208543,-0.011839197629613636,0.05245881340367025,-0.015293678155767616,0.05446186361828641
0.044555034496998186,-0.0019282832990923015,0.05156518315925613,-0.008288020264718586,0.05489424674816473
0.04373770343391978,0.0081540690357006,0.05020943846338548,-0.002386217037606216,0.054961455176534
0.042126934454870146,0.01379034012708681,0.05023220001783334,0.0019034231399998672,0.054548771053670356
0.04168477945146917,0.021567472138734348,0.0483275851708332,0.0071177924232870724,0.05433744427469835
0.03883001929975263,0.03417537946904563,0.045803996176360405,0.018434982982160994,0.05566460962919883
0.03668258726652351,0.04259539646456602,0.04385903286919088,0.025436948045645003,0.05404870116679897
0.034472825021175824,0.048776421904336315,0.0404618881896675,0.03049382485240675,0.052939588213894884
0.032423500514105495,0.05401225519054704,0.0356930252058061,0.035960211115456074,0.05157416834468097
0.030137596729527507,0.05781283755611642,0.029612966738124847,0.041335679194228765,0.04989837483164473
0.02669443770602161,0.059712595235612224,0.02146200013300866,0.045572594593026476,0.047716437705598344
0.02286936613800427,0.0599795139296218,0.01222382153912573,0.048136294602237735,0.045157404255016645
0.019519073689402686,0.052773118672804424,0.000457195669481688,0.04981720905541863,0.041507231317138404
0.01666872351668609,0.05396424232469239,-0.00730389527396993,0.05454319971326964,0.03950862008310888
0.014362161646154952,0.04075203956571159,-0.02021341830888137,0.05202043146041317,0.034593841695966306
0.012051186961780582,0.041404866955922714,-0.028524684239860945,0.05651217746705982,0.032531604916704454
0.009574637487166329,0.03871236595516686,-0.036909205373839044,0.05900466059792957,0.02972185744004932
0.009238048869202865,0.02186674118103328,-0.045354234552549916,0.055473903204727906,0.02544012140897236
0.008544207672770207,0.01881082438439335,-0.05129511299470059,0.05846498787782788,0.023426800076723344
0.007808017428674502,0.009649492161137335,-0.05397983859092896,0.057507771974813035,0.01892435812999863
0.009892811828155448,0.0024586251030156068,-0.05751571415279078,0.05940552229140729,0.01656105927970397
0.012208389257350738,-0.012215248402308585,-0.05671887602060474,0.05622324537711993,0.010513746911646195
0.01520294656994466,-0.020042462685121432,-0.05872239655595036,0.05645066516129373,0.006611294592625432
0.017806506155286325,-0.02705895188080091,-0.057785367406535074,0.05729994873526032,0.0032305083107328526
0.02027981265151123,-0.033579509108622146,-0.055912466569444284,0.057643809675409205,-0.001040389126232411
0.022985660008668297,-0.03873747050717277,-0.05373532070156964,0.05825850785845768,-0.005487075245032937
0.025249019589927625,-0.04347646547725211,-0.05078623836832314,0.058886612909856875,-0.009811647846278615
0.027136901455780155,-0.04745611794307142,-0.047333930669308515,0.05891676719108837,-0.014135202646277604
0.028586210608902887,-0.05155683256885773,-0.04252108923203689,0.05960548848396408,-0.018112251118494915
0.02880539995106218,-0.054075382695383985,-0.036713785019933706,0.058797629488790075,-0.021407643611424367
0.029794408962093066,-0.0554602615234356,-0.029953648906518946,0.05740816392544972,-0.025338922295394452
0.029734735836091427,-0.057144255400223186,-0.0219220870582634,0.05621019524502847,-0.028595157211180104
0.029483396913364115,-0.05708874529951795,-0.013402779744652102,0.05379155359526122,-0.032171829490252005
0.028492269491071944,-0.05728386113245628,-0.004643617692757007,0.051760633108741884,-0.03514738198984147
0.027569452096104532,-0.057407499123333705,0.004166911646846957,0.047680069230816594,-0.03847164794091662
0.026799859711684967,-0.05798238849585825,0.012574921516740297,0.043786418476381754,-0.04157420756817102
0.026190935117846342,-0.05609366997547249,0.021246867645072148,0.03841111749603571,-0.04442613229108693
0.030471374294281033,-0.056522434394108326,0.02843497342957464,0.027352117953148555,-0.04957982116559112
0.029227245679702616,-0.05295261699988739,0.03580397254859146,0.023704215400443394,-0.05163039603315279
0.04353955406779871,-0.043621590566369856,0.0425170438735549,0.007664996389492264,-0.058516804992594464
0.042874784990357656,-0.03919113657798597,0.047581764979541696,0.004223257292221671,-0.060559917344989
0.04214000871436638,-0.032817523231433623,0.05007643319745765,0.00013800096099144006,-0.062241068520497385
0.04263528723207302,-0.028385554964869608,0.05352520516712904,-0.0037080520042057437,-0.06322766737751434
0.04071656456490772,-0.016270523987714777,0.05322148017709587,-0.006863947866120435,-0.06442046575881617
0.040625728392529176,-0.007773048225629278,0.05513172652904433,-0.009560201621494431,-0.06485606860472339
0.040647852961511854,0.0019073055952365653,0.05448737784724321,-0.012069811486272517,-0.0650689396414549
0.041349445362004376,0.011674113852304118,0.052246068694679064,-0.014423889890786466,-0.06444157923379265
0.04291017446281698,0.01873023834038146,0.05078240536854115,-0.01779689919736929,-0.06391978567671527
0.04361418389677813,0.025932469772532284,0.04643252021198943,-0.020622793500076234,-0.06241350801182153
0.045218422254575445,0.031798728652412483,0.042415270108709366,-0.023441390838452522,-0.06112146729068839
0.04613354092441205,0.036856371497792306,0.03661100486624063,-0.027008584281913686,-0.05895690336585061
0.046476047846439515,0.040952078736752606,0.028353258440704996,-0.029683529531359398,-0.0561768190655397
0.047082497525207226,0.04466000579896001,0.020470913098684932,-0.03298594209890544,-0.05368301285048867
0.046915342055264965,0.04990367536866788,0.01206890826456271,-0.03598908927592862,-0.051812970859265076
0.045692550813228885,0.0535479329971391,0.004664427150591645,-0.0391364218444988,-0.05015962178907257
0.046461994680124574,0.05491616412283961,-0.007631155449337559,-0.0411853760376827,-0.045189214388280316
0.04610612349759335,0.05678513143454116,-0.018685493588388967,-0.04299567915096735,-0.04180687534635196
0.04564312982667515,0.055098250520433135,-0.0318652203858754,-0.04447046519363199,-0.03687990838897599
0.044294581798698156,0.05598084265434453,-0.039627338833835964,-0.045580907648815505,-0.03432337499497342
0.04317287798345337,0.05686621215810396,-0.04698486291714369,-0.04705346389324285,-0.03102893252820586
0.04037268290888685,0.044845080485974055,-0.051461169026375514,-0.05155700629096692,-0.02499772265788675
0.03930334414245834,0.04470764842434723,-0.056620896390146065,-0.050903691270749604,-0.02218458294089088
0.03915397838494301,0.04290691137572831,-0.05979699698220071,-0.050538132194750555,-0.018955315816701485
0.03641156240613451,0.02445801197576039,-0.05369065038364288,-0.05671619664192915,-0.01172620025124086
0.03688160306067082,0.021763259229703184,-0.05518758431239778,-0.05468807822505315,-0.007642518899111198
0.03778578563447277,0.01678433830210819,-0.05328313717090662,-0.05368324925564056,-0.0031267688638377507
0.03899534778668523,0.010344726091952904,-0.0498979418647517,-0.05284478443338558,0.0019903027925015715
0.04038409227040861,0.0013128505365260351,-0.04534874674053275,-0.052263679548546646,0.008064927843595247
0.03876371666927246,-0.02380114739789172,-0.034585760735175844,-0.05659221651890451,0.019443223824758098
0.040572956088495836,-0.029343211313422914,-0.02930377937377831,-0.05449988879022121,0.02372556976339789
0.04292636388379931,-0.034692985085393445,-0.02266612046826415,-0.05305416971561903,0.02850968371893142
0.04526500001871074,-0.03967313560096778,-0.014306748437747641,-0.050992485648578736,0.033072721314657494
0.04836644032067083,-0.0437445260922815,-0.006992489473019227,-0.04935975510653641,0.03616324987677997
0.051174936854032765,-0.047166898589229914,0.0017881375742616712,-0.046936635689049634,0.03991225774303846
0.05470767509628587,-0.05133887309850709,0.013409433214140534,-0.0444973931629819,0.04416526060377542
0.05777791557006305,-0.047502984608896445,0.026175940589239274,-0.03776901900930694,0.04819880958298101
0.059485025261214,-0.04882151535932208,0.03574775032352233,-0.036352487449321756,0.050496580829550934
0.061808185191987,-0.05000916692657223,0.04301852768431575,-0.03379514967154871,0.05246907676191515
0.0637305435898466,-0.04795987326163155,0.05009255304953013,-0.03172162630685114,0.05395419584429599
0.06455490437092563,-0.034292187412431466,0.057444410282144656,-0.020933327888285586,0.0550743050733791
0.06521169500580859,-0.03182340892918214,0.061761912960071295,-0.019397246674944253,0.055481788956699536
0.06674133288821903,-0.02348475837614994,0.06361553578096596,-0.016748639639980297,0.05471322379064006
0.0674815904355108,-0.019934494454481786,0.06537228107150138,-0.013078363793290604,0.054186579552832174
0.06529705449423796,0.0011756518915931296,0.06571159046660309,-0.001260704318805365,0.05355800161389484
0.06553545497760825,0.006008958361206318,0.06525767005869675,0.0026318277353849246,0.05383776605365392
0.06501025887218921,0.012559334406215001,0.06344634656269395,0.00759905056680844,0.05427395313187492
0.06448378377110449,0.019040357547096876,0.06136247358902758,0.01317756985567049,0.05429548349444996
0.06372860303011749,0.02578546640727753,0.05766726303378635,0.02127887447668407,0.05534335031066737
0.062179173408664905,0.03222141129274186,0.05589467212986214,0.025605334642533145,0.05355633532199354
0.061775188763725286,0.0384411610307632,0.05152102427853442,0.03166835117735164,0.052003254226578165
0.06018672689014134,0.04399978878263922,0.04732748531995743,0.03619613933409649,0.05005395207936642
0.05785441873017476,0.047308820536020736,0.03978594133395059,0.041563715099667484,0.047783780639510026
0.055645943472737595,0.05131305831365686,0.03157799524912114,0.046156755915492384,0.045266393515016615
0.05279205523506992,0.05340830911118399,0.023027322347847302,0.05070619972833933,0.042695799676710736
0.04854488425255437,0.055739442317996025,0.012381795121226044,0.053257895584212116,0.03978961012970038
0.046156982994567865,0.055792224351726365,0.0015646674574421558,0.05699653757870668,0.036825459182276296
0.04266180095465227,0.052415443444589746,-0.011024862317803037,0.05862532563901699,0.03301409864373714
0.041145069907421256,0.05252759534882726,-0.02056937102317278,0.0624921052579873,0.030382893605977103
0.03945020474925848,0.041144381192627345,-0.0339224498516113,0.06085715478453525,0.025315541705010287
0.03852228225184554,0.04080319275499352,-0.04212001971807607,0.06480204317858027,0.023195379625754832
0.03683926550965244,0.03432460128069291,-0.050188714471518764,0.06506229707631012,0.018972550054371626
0.039553100243297445,0.023769083409764673,-0.05776451870061552,0.06471347811489792,0.015167784792834416
0.040237539828563644,0.0198172030071217,-0.06159278037205207,0.06647075754049184,0.012933930509746054
0.042648034319553524,0.012222889893491904,-0.061245868000316,0.06449762363793958,0.007789667036872655
0.04525179412895363,0.00517107561148589,-0.062093319269276866,0.06493176838173687,0.004592072115032495
0.048979413911274146,-0.0010866098989093405,-0.061224554918807725,0.06401466379410614,0.0001944601182206647
0.052944199170005216,-0.007372074887650905,-0.059797013986410026,0.06313948728134657,-0.004148317726207082
0.056870820267818985,-0.013041004446431076,-0.0577572422776431,0.06223603606893606,-0.008602714213827052
0.06053814135983952,-0.018598691811164143,-0.05471682667334793,0.06126665010284037,-0.012989539739855218
0.06408672897660249,-0.023609049583145292,-0.05155131901348334,0.05953395105858931,-0.017413815223696748
0.06939494960303073,-0.03049712486709667,-0.046906120598440015,0.05784660399496589,-0.02306295789880781
0.07217063899708659,-0.03393991119378555,-0.04086833738130843,0.05592450918832887,-0.026774419157703587
0.07315074929747369,-0.03689929645040471,-0.03365874071053804,0.054436752957814256,-0.029950763612819793
0.07639242355036355,-0.042679092394500004,-0.02342021487893031,0.05165275368185785,-0.03471120286715238
0.07751286232777911,-0.044325671676446195,-0.015180211242515547,0.04873071012373679,-0.038215384566259926
0.07667849778010315,-0.04580599446092786,-0.006745514701673325,0.047155076782764135,-0.040850877191976
0.07565645993221022,-0.04598248932853719,0.0010799302880982943,0.042921173560779395,-0.04426145513720555
0.07392911204630176,-0.0467056030073747,0.008655699656918531,0.03826051647662755,-0.04736043229492762
0.07220106262910894,-0.047417293942791,0.016025930574451744,0.034078600766568976,-0.050057458218759995
0.07143341995503022,-0.04671651879771399,0.022779119562484157,0.03151757346590055,-0.05178363065542323
0.0684973088466265,-0.043772420239467015,0.028355871257622445,0.027486735253046356,-0.053950143083585186
0.06682377281336038,-0.03624813041090926,0.030811662140039043,0.02233645657910542,-0.05643796958055458
0.06586572475531673,-0.030576429751777486,0.03498405102071632,0.018185141045891112,-0.05780008111827602
0.06510121173438158,-0.024544652210627384,0.036974097102551014,0.01510764374440743,-0.05887223704692623
0.06518319180333833,-0.01955577409883603,0.03759926156692784,0.012413177063821973,-0.059615851090687996
0.06370878841485973,-0.01126908249901478,0.037389184526757865,0.009527098208329532,-0.060305122729887965
0.06355165902630555,0.007407416486256866,0.033661642585770604,0.008806849320993503,-0.06040120887806916
0.06381356434484735,0.015550858831766419,0.03257949953151762,0.005927874916700077,-0.06042235523003613
0.06443632947188425,0.02679428977608907,0.02678146264207923,0.004734033133343829,-0.05999551257850433
0.0655796772613322,0.035246910348666886,0.023868459923315103,0.002817901995582843,-0.05921760958265864
0.06756264354203698,0.04412178469805223,0.014832858177863624,0.0017656859980182673,-0.05782782813801118
0.06863432160956565,0.05191972901676457,0.009050913559234685,-0.0017425367490807601,-0.05657355170279198
0.07026792429096596,0.05820013571259095,0.0007179895645967625,-0.003554910938913402,-0.054799287052996234
0.07134106556537899,0.0641385504356503,-0.005658245703809203,-0.007092505557938611,-0.052938064276783645
0.07215694640569299,0.06881466421042746,-0.015371100409218639,-0.009827246548896506,-0.05052769822135062
0.07303980339640564,0.0732371274365575,-0.023678709825361462,-0.013571204598923955,-0.04819188262929038
0.07357613223424143,0.07736078369540676,-0.032939214609893776,-0.016197487009515128,-0.045402244163691756
0.07452251743894248,0.07666416187070628,-0.042441282757695396,-0.020778804184885688,-0.0418268077726051
0.07466861056927906,0.08039129339479545,-0.050259550580593434,-0.02334551306769202,-0.03913656857640874
0.07602538650845211,0.07405657934616326,-0.05657603979169277,-0.029256462737234274,-0.034905153535040374
0.07649830659355972,0.06786170278399845,-0.06071794737591985,-0.035261946723096904,-0.030985995982079125
0.07770352550961002,0.06898026568084327,-0.06703697182200603,-0.0370699563843586,-0.029144019676766917
0.0799754872436407,0.05655946428930065,-0.06782953757113548,-0.04654944604679926,-0.025222482064496253
0.08153090758435175,0.041533818826219586,-0.0678846175439007,-0.05409162415755667,-0.02054513909862503
0.08328826369646126,0.04161768334649774,-0.07201412916103367,-0.05428051390436349,-0.019652113421383816
0.08652379708696718,0.04047366072631196,-0.07210732397065761,-0.05657797451369896,-0.018974332666356175
0.0887887379583323,0.03969752118051083,-0.07535100595464582,-0.05630645749038846,-0.017149572232116814
0.09112687734598236,0.030242722734995918,-0.07636337004577542,-0.061668512705812445,-0.013712959134894735
0.09362546077509207,0.027041518367278597,-0.07933094633103463,-0.05951408938484078,-0.010949774140403663
0.09598125246709473,0.023736931739343096,-0.08095180546463086,-0.05791003973034798,-0.008348627616588729
